Combination Number,Total Elapsed Time (s)
1,2.504316806793213
2,2.6823716163635254
3,1.9690055847167969
4,1.1031913757324219
5,1.647524356842041
